{"name": "极品影视",
"url": "https://www.jpys.me",
"tihuan": "cnzz.com",
"User": "空",
"fenlei": "电视剧$/vodshow/2--------#电影$/vodshow/1--------#综艺$/vodshow/4--------#动漫$/vodshow/3--------#动作片$/vodshow/6--------#喜剧片$/vodshow/6---喜剧-----#爱情片$/vodshow/8---爱情-----#科幻片$/vodshow/6---科幻-----#恐怖片$/vodshow/6---恐怖-----#剧情片$/vodshow/6---剧情-----#战争片$/vodshow/6---战争-----#武侠片$/vodshow/6---武侠-----#香港剧$/vodshow/2---香港-----#台湾剧$/vodshow/2---台湾-----#欧美剧$/vodshow/2---欧美-----",
"houzhui": "---.html",
"shifouercijiequ": "0",
"jiequqian": "空",
"jiequhou": "空",
"jiequshuzuqian": "class=\"myui-vodlist__box\"",
"jiequshuzuhou": "</span>",
"tupianqian": "original=\"",
"tupianhou": "\"",
"biaotiqian": "title=\"",
"biaotihou": "\"",
"lianjieqian": "href=\"",
"lianjiehou": "\"",
"sousuoqian": "/index.php/ajax/suggest?mid=1&wd=",
"sousuohou": "&limit=500",
"sousuohouzhui": "/voddetail/",
"ssmoshi": "0",
"sousuoshifouercijiequ": "0",
"jspic": "pic",
"jsname": "name",
"jsid": "id",
"ssjiequqian": "空",
"ssjiequhou": "空",
"ssjiequshuzuqian": "空",
"ssjiequshuzuhou": "空",
"sstupianqian": "空",
"sstupianhou": "空",
"ssbiaotiqian": "空",
"ssbiaotihou": "空",
"sslianjieqian": "空",
"sslianjiehou": "空",
"bfshifouercijiequ": "0",
"bfjiequqian": "空",
"bfjiequhou": "空",
"bfjiequshuzuqian": "id=\"playlist",
"bfjiequshuzuhou": "</ul>",
"zhuangtaiqian": "class=\"otherbox\">",
"zhuangtaihou": "</p>",
"daoyanqian": "导演：</span>",
"daoyanhou": "</p>",
"zhuyanqian": "主演：</span>",
"zhuyanhou": "</p>",
"juqingqian": "style=\"display: none;\">",
"juqinghou": "</span>",
"bfyshifouercijiequ": "0",
"bfyjiequqian": "空",
"bfyjiequhou": "空",
"bfyjiequshuzuqian": "<a",
"bfyjiequshuzuhou": "/a>",
"bfbiaotiqian": ">",
"bfbiaotihou": "<",
"bflianjieqian": "href=\"",
"bflianjiehou": "\""},

